{
  "val_accuracy": 0.9533333333333334,
  "val_macro_f1": 0.9494756325540932
}