{
  "val_accuracy": 0.8733333333333333,
  "val_macro_f1": 0.8650471933877105
}